1,Reno Quails,Latvian Battle Nuns
1,Silicon Sudo Pirates,Sparks Scorpions
1,Buffalo West,Bishop Sycamore
1,Touchdowns RX,Wakanda Forever
1,Mr. McGibblets,Show me Your TDs
1,Missoula Reds,Dakstreet Boys
2,Silicon Sudo Pirates,Reno Quails
2,Latvian Battle Nuns,Buffalo West
2,Sparks Scorpions,Bishop Sycamore
2,Mr. McGibblets,Touchdowns RX
2,Wakanda Forever,Missoula Reds
2,Show me Your TDs,Dakstreet Boys
3,Reno Quails,Buffalo West
3,Bishop Sycamore,Silicon Sudo Pirates
3,Sparks Scorpions,Latvian Battle Nuns
3,Touchdowns RX,Missoula Reds
3,Dakstreet Boys,Mr. McGibblets
3,Show me Your TDs,Wakanda Forever
4,Bishop Sycamore,Reno Quails
4,Buffalo West,Sparks Scorpions
4,Silicon Sudo Pirates,Latvian Battle Nuns
4,Dakstreet Boys,Touchdowns RX
4,Missoula Reds,Show me Your TDs
4,Mr. McGibblets,Wakanda Forever
5,Reno Quails,Sparks Scorpions
5,Latvian Battle Nuns,Bishop Sycamore
5,Silicon Sudo Pirates,Buffalo West
5,Touchdowns RX,Show me Your TDs
5,Wakanda Forever,Dakstreet Boys
5,Mr. McGibblets,Missoula Reds
6,Touchdowns RX,Reno Quails
6,Wakanda Forever,Latvian Battle Nuns
6,Mr. McGibblets,Silicon Sudo Pirates
6,Missoula Reds,Buffalo West
6,Dakstreet Boys,Bishop Sycamore
6,Show me Your TDs,Sparks Scorpions
7,Latvian Battle Nuns,Touchdowns RX
7,Silicon Sudo Pirates,Wakanda Forever
7,Buffalo West,Mr. McGibblets
7,Bishop Sycamore,Missoula Reds
7,Sparks Scorpions,Dakstreet Boys
7,Reno Quails,Show me Your TDs
8,Touchdowns RX,Silicon Sudo Pirates
8,Wakanda Forever,Buffalo West
8,Mr. McGibblets,Bishop Sycamore
8,Missoula Reds,Sparks Scorpions
8,Dakstreet Boys,Reno Quails
8,Show me Your TDs,Latvian Battle Nuns
9,Buffalo West,Touchdowns RX
9,Bishop Sycamore,Wakanda Forever
9,Sparks Scorpions,Mr. McGibblets
9,Reno Quails,Missoula Reds
9,Latvian Battle Nuns,Dakstreet Boys
9,Silicon Sudo Pirates,Show me Your TDs
10,Touchdowns RX,Bishop Sycamore
10,Wakanda Forever,Sparks Scorpions
10,Mr. McGibblets,Reno Quails
10,Missoula Reds,Latvian Battle Nuns
10,Dakstreet Boys,Silicon Sudo Pirates
10,Show me Your TDs,Buffalo West
11,Sparks Scorpions,Touchdowns RX
11,Reno Quails,Wakanda Forever
11,Latvian Battle Nuns,Mr. McGibblets
11,Silicon Sudo Pirates,Missoula Reds
11,Buffalo West,Dakstreet Boys
11,Bishop Sycamore,Show me Your TDs
12,Reno Quails,Touchdowns RX
12,Latvian Battle Nuns,Wakanda Forever
12,Silicon Sudo Pirates,Mr. McGibblets
12,Buffalo West,Missoula Reds
12,Bishop Sycamore,Dakstreet Boys
12,Sparks Scorpions,Show me Your TDs
13,Touchdowns RX,Latvian Battle Nuns
13,Wakanda Forever,Silicon Sudo Pirates
13,Mr. McGibblets,Buffalo West
13,Missoula Reds,Bishop Sycamore
13,Dakstreet Boys,Sparks Scorpions
13,Show me Your TDs,Reno Quails
14,Silicon Sudo Pirates,Touchdowns RX
14,Buffalo West,Wakanda Forever
14,Bishop Sycamore,Mr. McGibblets
14,Sparks Scorpions,Missoula Reds
14,Reno Quails,Dakstreet Boys
14,Latvian Battle Nuns,Show me Your TDs
15,Touchdowns RX,Bishop Sycamore
15,Mr. McGibblets,Reno Quails
15,Wakanda Forever,Sparks Scorpions
15,Show me Your TDs,Silicon Sudo Pirates
15,Missoula Reds,Buffalo West
15,Dakstreet Boys,Latvian Battle Nuns
